"Código do Município","Nome do Município","Código da UF","Unidade da Federação","Região","Ioeb","Ano do Ioeb","Insumos do Ioeb","Resultados do Ioeb","Total de Matrículas","População","Categoria do Quadrante"
"3300100","Angra dos Reis","33","RJ","Sudeste","4,3","2019","1,1","3,3","33.523","203.785",""
"3300100","Angra dos Reis","33","RJ","Sudeste","4,5","2021","1,1","3,4","33.983","203.785",""
"3300100","Angra dos Reis","33","RJ","Sudeste","4,9","2023","1,1","3,8","38.960","203.785","EM DESENVOLVIMENTO"
"3300159","Aperibé","33","RJ","Sudeste","5,1","2019","1,3","3,8","1.815","11.759",""
"3300159","Aperibé","33","RJ","Sudeste","4,9","2021","1,3","3,7","1.829","11.759",""
"3300159","Aperibé","33","RJ","Sudeste","5,2","2023","1,2","4,0","1.973","11.759","ATENÇÃO"
"3300209","Araruama","33","RJ","Sudeste","4,0","2019","0,8","3,2","26.850","132.400",""
"3300209","Araruama","33","RJ","Sudeste","4,3","2021","1,0","3,4","26.463","132.400",""
"3300209","Araruama","33","RJ","Sudeste","4,4","2023","1,0","3,4","28.702","132.400","EM DESENVOLVIMENTO"
"3300225","Areal","33","RJ","Sudeste","4,7","2019","1,0","3,7","2.237","12.572",""
"3300225","Areal","33","RJ","Sudeste","4,9","2021","1,1","3,8","2.236","12.572",""
"3300225","Areal","33","RJ","Sudeste","0,0","2023","1,1","0,0","2.449","12.572","ND"
"3300233","Armação dos Búzios","33","RJ","Sudeste","4,9","2019","1,0","3,9","9.814","40.532",""
"3300233","Armação dos Búzios","33","RJ","Sudeste","5,1","2021","1,0","4,1","9.891","40.532",""
"3300233","Armação dos Búzios","33","RJ","Sudeste","0,0","2023","0,0","0,0","10.484","40.532","ND"
"3300258","Arraial do Cabo","33","RJ","Sudeste","4,1","2019","1,0","3,1","6.955","30.349",""
"3300258","Arraial do Cabo","33","RJ","Sudeste","4,6","2021","1,1","3,5","6.386","30.349",""
"3300258","Arraial do Cabo","33","RJ","Sudeste","0,0","2023","1,0","0,0","8.469","30.349","ND"
"3300308","Barra do Piraí","33","RJ","Sudeste","4,1","2019","1,0","3,1","16.581","100.374",""
"3300308","Barra do Piraí","33","RJ","Sudeste","4,4","2021","1,1","3,4","16.138","100.374",""
"3300308","Barra do Piraí","33","RJ","Sudeste","4,6","2023","1,1","3,5","17.308","100.374","EM DESENVOLVIMENTO"
"3300407","Barra Mansa","33","RJ","Sudeste","4,2","2019","1,0","3,3","29.432","184.412",""
"3300407","Barra Mansa","33","RJ","Sudeste","4,2","2021","0,9","3,3","29.411","184.412",""
"3300407","Barra Mansa","33","RJ","Sudeste","4,7","2023","1,2","3,6","32.675","184.412","EM DESENVOLVIMENTO"
"3300456","Belford Roxo","33","RJ","Sudeste","3,8","2019","1,0","2,9","84.288","510.906",""
"3300456","Belford Roxo","33","RJ","Sudeste","4,0","2021","0,9","3,1","83.259","510.906",""
"3300456","Belford Roxo","33","RJ","Sudeste","4,2","2023","0,9","3,3","88.885","510.906","EM DESENVOLVIMENTO"
"3300506","Bom Jardim","33","RJ","Sudeste","4,8","2019","1,0","3,8","5.601","27.446",""
"3300506","Bom Jardim","33","RJ","Sudeste","5,0","2021","1,1","3,9","5.647","27.446",""
"3300506","Bom Jardim","33","RJ","Sudeste","5,0","2023","1,1","3,9","5.287","27.446","ATENÇÃO"
"3300605","Bom Jesus do Itabapoana","33","RJ","Sudeste","5,2","2019","1,2","4,0","8.619","37.096",""
"3300605","Bom Jesus do Itabapoana","33","RJ","Sudeste","4,8","2021","1,0","3,8","8.461","37.096",""
"3300605","Bom Jesus do Itabapoana","33","RJ","Sudeste","4,7","2023","1,0","3,7","9.056","37.096","CRÍTICO"
"3300704","Cabo Frio","33","RJ","Sudeste","4,1","2019","1,0","3,1","44.150","219.863",""
"3300704","Cabo Frio","33","RJ","Sudeste","4,3","2021","1,1","3,2","45.817","219.863",""
"3300704","Cabo Frio","33","RJ","Sudeste","4,4","2023","1,0","3,4","46.705","219.863","EM DESENVOLVIMENTO"
"3300803","Cachoeiras de Macacu","33","RJ","Sudeste","4,0","2019","0,9","3,1","11.842","58.937",""
"3300803","Cachoeiras de Macacu","33","RJ","Sudeste","0,0","2021","0,9","0,0","11.518","58.937",""
"3300803","Cachoeiras de Macacu","33","RJ","Sudeste","4,4","2023","1,0","3,4","11.659","58.937","EM DESENVOLVIMENTO"
"3300902","Cambuci","33","RJ","Sudeste","4,8","2019","1,0","3,8","2.800","15.505",""
"3300902","Cambuci","33","RJ","Sudeste","5,0","2021","1,2","3,9","2.612","15.505",""
"3300902","Cambuci","33","RJ","Sudeste","5,1","2023","1,2","3,8","2.523","15.505","OTIMIZADO"
"3300936","Carapebus","33","RJ","Sudeste","4,1","2019","0,9","3,2","2.767","16.301",""
"3300936","Carapebus","33","RJ","Sudeste","4,3","2021","0,9","3,4","2.854","16.301",""
"3300936","Carapebus","33","RJ","Sudeste","4,6","2023","1,1","3,5","2.852","16.301","EM DESENVOLVIMENTO"
"3300951","Comendador Levy Gasparian","33","RJ","Sudeste","5,0","2019","1,1","3,8","1.850","8.561",""
"3300951","Comendador Levy Gasparian","33","RJ","Sudeste","5,1","2021","1,1","3,9","1.834","8.561",""
"3300951","Comendador Levy Gasparian","33","RJ","Sudeste","5,2","2023","1,1","4,1","2.030","8.561","OTIMIZADO"
"3301009","Campos dos Goytacazes","33","RJ","Sudeste","4,1","2019","1,0","3,1","106.876","507.548",""
"3301009","Campos dos Goytacazes","33","RJ","Sudeste","0,0","2021","1,1","0,0","106.157","507.548",""
"3301009","Campos dos Goytacazes","33","RJ","Sudeste","4,4","2023","1,1","3,3","112.725","507.548","EM DESENVOLVIMENTO"
"3301108","Cantagalo","33","RJ","Sudeste","4,5","2019","1,1","3,3","3.504","20.172",""
"3301108","Cantagalo","33","RJ","Sudeste","4,6","2021","1,1","3,5","3.461","20.172",""
"3301108","Cantagalo","33","RJ","Sudeste","4,6","2023","1,1","3,5","3.554","20.172","CRÍTICO"
"3301157","Cardoso Moreira","33","RJ","Sudeste","4,0","2019","1,0","3,1","2.910","12.823",""
"3301157","Cardoso Moreira","33","RJ","Sudeste","3,9","2021","1,0","3,0","2.832","12.823",""
"3301157","Cardoso Moreira","33","RJ","Sudeste","4,5","2023","1,0","3,4","2.999","12.823","EM DESENVOLVIMENTO"
"3301207","Carmo","33","RJ","Sudeste","4,8","2019","1,2","3,6","3.622","18.895",""
"3301207","Carmo","33","RJ","Sudeste","4,8","2021","1,2","3,6","3.458","18.895",""
"3301207","Carmo","33","RJ","Sudeste","4,9","2023","1,2","3,7","3.875","18.895","CRÍTICO"
"3301306","Casimiro de Abreu","33","RJ","Sudeste","4,8","2019","1,0","3,8","10.858","44.184",""
"3301306","Casimiro de Abreu","33","RJ","Sudeste","5,2","2021","1,1","4,1","10.698","44.184",""
"3301306","Casimiro de Abreu","33","RJ","Sudeste","4,9","2023","1,1","3,8","11.185","44.184","CRÍTICO"
"3301405","Conceição de Macabu","33","RJ","Sudeste","0,0","2019","0,9","0,0","4.979","23.228",""
"3301405","Conceição de Macabu","33","RJ","Sudeste","4,5","2021","1,1","3,4","4.926","23.228",""
"3301405","Conceição de Macabu","33","RJ","Sudeste","4,8","2023","1,0","3,8","5.267","23.228","ND"
"3301504","Cordeiro","33","RJ","Sudeste","4,5","2019","1,1","3,4","4.396","21.926",""
"3301504","Cordeiro","33","RJ","Sudeste","4,3","2021","0,8","3,5","4.158","21.926",""
"3301504","Cordeiro","33","RJ","Sudeste","4,7","2023","0,9","3,7","5.167","21.926","CRÍTICO"
"3301603","Duas Barras","33","RJ","Sudeste","4,4","2019","0,9","3,5","2.357","11.492",""
"3301603","Duas Barras","33","RJ","Sudeste","4,6","2021","1,0","3,6","2.330","11.492",""
"3301603","Duas Barras","33","RJ","Sudeste","4,8","2023","1,1","3,7","2.649","11.492","EM DESENVOLVIMENTO"
"3301702","Duque de Caxias","33","RJ","Sudeste","4,1","2019","1,1","3,0","174.205","919.596",""
"3301702","Duque de Caxias","33","RJ","Sudeste","4,3","2021","1,1","3,2","173.128","919.596",""
"3301702","Duque de Caxias","33","RJ","Sudeste","4,2","2023","1,0","3,2","190.087","919.596","CRÍTICO"
"3301801","Engenheiro Paulo de Frontin","33","RJ","Sudeste","4,3","2019","1,1","3,2","2.640","14.002",""
"3301801","Engenheiro Paulo de Frontin","33","RJ","Sudeste","4,8","2021","1,1","3,7","2.596","14.002",""
"3301801","Engenheiro Paulo de Frontin","33","RJ","Sudeste","4,7","2023","1,1","3,6","2.670","14.002","EM DESENVOLVIMENTO"
"3301850","Guapimirim","33","RJ","Sudeste","4,2","2019","0,9","3,3","10.419","60.517",""
"3301850","Guapimirim","33","RJ","Sudeste","4,0","2021","0,9","3,1","10.415","60.517",""
"3301850","Guapimirim","33","RJ","Sudeste","4,5","2023","0,9","3,6","11.303","60.517","EM DESENVOLVIMENTO"
"3301876","Iguaba Grande","33","RJ","Sudeste","4,5","2019","1,0","3,5","6.468","28.310",""
"3301876","Iguaba Grande","33","RJ","Sudeste","4,8","2021","1,0","3,8","6.693","28.310",""
"3301876","Iguaba Grande","33","RJ","Sudeste","0,0","2023","1,0","0,0","7.431","28.310","ND"
"3301900","Itaboraí","33","RJ","Sudeste","4,1","2019","1,0","3,1","45.222","240.592",""
"3301900","Itaboraí","33","RJ","Sudeste","4,3","2021","1,1","3,3","44.389","240.592",""
"3301900","Itaboraí","33","RJ","Sudeste","4,4","2023","1,0","3,4","49.085","240.592","EM DESENVOLVIMENTO"
"3302007","Itaguaí","33","RJ","Sudeste","4,1","2019","1,0","3,1","29.500","133.019",""
"3302007","Itaguaí","33","RJ","Sudeste","4,3","2021","1,0","3,4","29.106","133.019",""
"3302007","Itaguaí","33","RJ","Sudeste","4,6","2023","1,1","3,5","31.773","133.019","EM DESENVOLVIMENTO"
"3302056","Italva","33","RJ","Sudeste","4,5","2019","1,0","3,5","2.514","15.207",""
"3302056","Italva","33","RJ","Sudeste","4,3","2021","0,8","3,5","2.473","15.207",""
"3302056","Italva","33","RJ","Sudeste","4,5","2023","0,8","3,8","2.563","15.207","CRÍTICO"
"3302106","Itaocara","33","RJ","Sudeste","4,6","2019","1,0","3,6","4.268","23.234",""
"3302106","Itaocara","33","RJ","Sudeste","4,9","2021","0,8","4,1","4.220","23.234",""
"3302106","Itaocara","33","RJ","Sudeste","5,1","2023","1,0","4,1","4.669","23.234","OTIMIZADO"
"3302205","Itaperuna","33","RJ","Sudeste","5,3","2019","1,2","4,2","19.068","103.224",""
"3302205","Itaperuna","33","RJ","Sudeste","5,3","2021","1,2","4,1","18.984","103.224",""
"3302205","Itaperuna","33","RJ","Sudeste","5,2","2023","1,2","4,0","20.919","103.224","ATENÇÃO"
"3302254","Itatiaia","33","RJ","Sudeste","4,6","2019","1,0","3,6","5.709","31.805",""
"3302254","Itatiaia","33","RJ","Sudeste","4,8","2021","1,2","3,6","5.709","31.805",""
"3302254","Itatiaia","33","RJ","Sudeste","4,8","2023","1,1","3,7","6.061","31.805","EM DESENVOLVIMENTO"
"3302270","Japeri","33","RJ","Sudeste","3,8","2019","0,8","3,0","19.221","104.768",""
"3302270","Japeri","33","RJ","Sudeste","4,0","2021","0,9","3,1","18.952","104.768",""
"3302270","Japeri","33","RJ","Sudeste","4,0","2023","0,8","3,3","22.164","104.768","EM DESENVOLVIMENTO"
"3302304","Laje do Muriaé","33","RJ","Sudeste","4,3","2019","1,0","3,3","1.560","7.355",""
"3302304","Laje do Muriaé","33","RJ","Sudeste","4,6","2021","1,1","3,5","1.512","7.355",""
"3302304","Laje do Muriaé","33","RJ","Sudeste","4,7","2023","1,2","3,6","1.597","7.355","EM DESENVOLVIMENTO"
"3302403","Macaé","33","RJ","Sudeste","4,8","2019","1,1","3,6","54.045","256.672",""
"3302403","Macaé","33","RJ","Sudeste","5,1","2021","1,1","4,0","55.729","256.672",""
"3302403","Macaé","33","RJ","Sudeste","5,0","2023","1,1","3,9","61.572","256.672","CRÍTICO"
"3302452","Macuco","33","RJ","Sudeste","4,5","2019","1,1","3,4","1.802","5.599",""
"3302452","Macuco","33","RJ","Sudeste","4,8","2021","1,2","3,6","1.855","5.599",""
"3302452","Macuco","33","RJ","Sudeste","4,7","2023","1,2","3,6","2.046","5.599","EM DESENVOLVIMENTO"
"3302502","Magé","33","RJ","Sudeste","3,7","2019","0,9","2,8","54.687","245.071",""
"3302502","Magé","33","RJ","Sudeste","4,5","2021","0,9","3,6","56.001","245.071",""
"3302502","Magé","33","RJ","Sudeste","4,5","2023","0,9","3,6","60.790","245.071","EM DESENVOLVIMENTO"
"3302601","Mangaratiba","33","RJ","Sudeste","4,3","2019","1,0","3,3","8.904","44.468",""
"3302601","Mangaratiba","33","RJ","Sudeste","4,4","2021","0,9","3,5","8.982","44.468",""
"3302601","Mangaratiba","33","RJ","Sudeste","4,4","2023","0,9","3,5","10.338","44.468","CRÍTICO"
"3302700","Maricá","33","RJ","Sudeste","4,5","2019","1,1","3,5","29.071","161.207",""
"3302700","Maricá","33","RJ","Sudeste","5,0","2021","1,1","3,8","32.808","161.207",""
"3302700","Maricá","33","RJ","Sudeste","4,9","2023","1,2","3,7","41.070","161.207","EM DESENVOLVIMENTO"
"3302809","Mendes","33","RJ","Sudeste","4,5","2019","1,0","3,5","3.176","18.614",""
"3302809","Mendes","33","RJ","Sudeste","4,6","2021","1,2","3,5","3.224","18.614",""
"3302809","Mendes","33","RJ","Sudeste","4,7","2023","1,1","3,6","3.301","18.614","CRÍTICO"
"3302858","Mesquita","33","RJ","Sudeste","4,0","2019","1,1","2,9","28.780","176.103",""
"3302858","Mesquita","33","RJ","Sudeste","4,1","2021","1,0","3,1","28.642","176.103",""
"3302858","Mesquita","33","RJ","Sudeste","4,5","2023","1,1","3,4","34.581","176.103","EM DESENVOLVIMENTO"
"3302908","Miguel Pereira","33","RJ","Sudeste","4,9","2019","1,1","3,8","5.229","25.538",""
"3302908","Miguel Pereira","33","RJ","Sudeste","4,8","2021","1,1","3,7","5.094","25.538",""
"3302908","Miguel Pereira","33","RJ","Sudeste","4,8","2023","1,2","3,7","5.576","25.538","CRÍTICO"
"3303005","Miracema","33","RJ","Sudeste","4,9","2019","1,1","3,9","6.011","27.174",""
"3303005","Miracema","33","RJ","Sudeste","5,1","2021","0,8","4,3","5.679","27.174",""
"3303005","Miracema","33","RJ","Sudeste","5,2","2023","0,9","4,3","5.735","27.174","OTIMIZADO"
"3303104","Natividade","33","RJ","Sudeste","4,1","2019","1,0","3,1","2.975","15.317",""
"3303104","Natividade","33","RJ","Sudeste","4,2","2021","0,7","3,5","2.963","15.317",""
"3303104","Natividade","33","RJ","Sudeste","4,6","2023","0,8","3,7","2.891","15.317","EM DESENVOLVIMENTO"
"3303203","Nilópolis","33","RJ","Sudeste","4,1","2019","1,1","3,0","33.942","162.485",""
"3303203","Nilópolis","33","RJ","Sudeste","4,3","2021","1,1","3,3","33.267","162.485",""
"3303203","Nilópolis","33","RJ","Sudeste","4,5","2023","1,0","3,5","34.568","162.485","EM DESENVOLVIMENTO"
"3303302","Niterói","33","RJ","Sudeste","4,7","2019","1,2","3,5","89.070","513.584",""
"3303302","Niterói","33","RJ","Sudeste","4,5","2021","1,0","3,4","89.171","513.584",""
"3303302","Niterói","33","RJ","Sudeste","4,6","2023","1,0","3,6","97.682","513.584","CRÍTICO"
"3303401","Nova Friburgo","33","RJ","Sudeste","4,9","2019","1,1","3,8","37.078","190.631",""
"3303401","Nova Friburgo","33","RJ","Sudeste","4,8","2021","0,9","3,9","36.467","190.631",""
"3303401","Nova Friburgo","33","RJ","Sudeste","4,6","2023","0,9","3,6","38.445","190.631","CRÍTICO"
"3303500","Nova Iguaçu","33","RJ","Sudeste","4,1","2019","1,1","3,1","160.222","821.128",""
"3303500","Nova Iguaçu","33","RJ","Sudeste","4,1","2021","0,9","3,2","161.995","821.128",""
"3303500","Nova Iguaçu","33","RJ","Sudeste","4,3","2023","1,0","3,3","177.623","821.128","CRÍTICO"
"3303609","Paracambi","33","RJ","Sudeste","4,4","2019","1,0","3,3","8.363","52.257",""
"3303609","Paracambi","33","RJ","Sudeste","4,3","2021","0,9","3,4","8.318","52.257",""
"3303609","Paracambi","33","RJ","Sudeste","4,3","2023","1,0","3,3","9.041","52.257","CRÍTICO"
"3303708","Paraíba do Sul","33","RJ","Sudeste","4,5","2019","1,2","3,4","9.066","44.285",""
"3303708","Paraíba do Sul","33","RJ","Sudeste","4,9","2021","1,2","3,7","8.607","44.285",""
"3303708","Paraíba do Sul","33","RJ","Sudeste","4,9","2023","1,2","3,7","9.121","44.285","EM DESENVOLVIMENTO"
"3303807","Paraty","33","RJ","Sudeste","0,0","2019","1,1","0,0","9.459","43.165",""
"3303807","Paraty","33","RJ","Sudeste","4,7","2021","1,1","3,6","10.213","43.165",""
"3303807","Paraty","33","RJ","Sudeste","4,7","2023","1,1","3,6","10.543","43.165","ND"
"3303856","Paty do Alferes","33","RJ","Sudeste","5,1","2019","1,0","4,1","5.577","27.769",""
"3303856","Paty do Alferes","33","RJ","Sudeste","5,2","2021","1,2","4,0","5.426","27.769",""
"3303856","Paty do Alferes","33","RJ","Sudeste","4,9","2023","1,1","3,8","5.792","27.769","CRÍTICO"
"3303906","Petrópolis","33","RJ","Sudeste","4,7","2019","1,2","3,5","60.830","306.191",""
"3303906","Petrópolis","33","RJ","Sudeste","4,6","2021","1,2","3,4","59.498","306.191",""
"3303906","Petrópolis","33","RJ","Sudeste","4,6","2023","1,2","3,4","63.680","306.191","CRÍTICO"
"3303955","Pinheiral","33","RJ","Sudeste","4,8","2019","1,1","3,8","5.397","25.156",""
"3303955","Pinheiral","33","RJ","Sudeste","4,4","2021","1,1","3,3","5.603","25.156",""
"3303955","Pinheiral","33","RJ","Sudeste","4,8","2023","1,0","3,8","5.661","25.156","CRÍTICO"
"3304003","Piraí","33","RJ","Sudeste","4,6","2019","1,1","3,5","5.950","29.277",""
"3304003","Piraí","33","RJ","Sudeste","4,6","2021","1,0","3,6","5.986","29.277",""
"3304003","Piraí","33","RJ","Sudeste","4,9","2023","1,1","3,8","6.192","29.277","EM DESENVOLVIMENTO"
"3304102","Porciúncula","33","RJ","Sudeste","4,4","2019","1,1","3,3","3.851","18.847",""
"3304102","Porciúncula","33","RJ","Sudeste","4,6","2021","1,2","3,4","3.601","18.847",""
"3304102","Porciúncula","33","RJ","Sudeste","4,6","2023","1,1","3,5","3.588","18.847","CRÍTICO"
"3304110","Porto Real","33","RJ","Sudeste","4,3","2019","1,0","3,3","4.123","19.683",""
"3304110","Porto Real","33","RJ","Sudeste","4,6","2021","1,0","3,6","4.091","19.683",""
"3304110","Porto Real","33","RJ","Sudeste","4,7","2023","1,0","3,7","4.277","19.683","EM DESENVOLVIMENTO"
"3304128","Quatis","33","RJ","Sudeste","4,5","2019","1,0","3,5","2.856","14.302",""
"3304128","Quatis","33","RJ","Sudeste","4,8","2021","1,1","3,7","2.784","14.302",""
"3304128","Quatis","33","RJ","Sudeste","4,9","2023","1,1","3,8","2.763","14.302","EM DESENVOLVIMENTO"
"3304144","Queimados","33","RJ","Sudeste","4,2","2019","1,0","3,2","32.155","150.319",""
"3304144","Queimados","33","RJ","Sudeste","4,6","2021","1,1","3,6","30.751","150.319",""
"3304144","Queimados","33","RJ","Sudeste","4,7","2023","1,0","3,7","33.597","150.319","EM DESENVOLVIMENTO"
"3304151","Quissamã","33","RJ","Sudeste","4,5","2019","1,1","3,5","5.196","24.700",""
"3304151","Quissamã","33","RJ","Sudeste","4,9","2021","1,1","3,8","5.300","24.700",""
"3304151","Quissamã","33","RJ","Sudeste","4,9","2023","1,2","3,7","5.895","24.700","EM DESENVOLVIMENTO"
"3304201","Resende","33","RJ","Sudeste","4,5","2019","1,1","3,5","26.917","131.341",""
"3304201","Resende","33","RJ","Sudeste","4,8","2021","1,2","3,6","27.195","131.341",""
"3304201","Resende","33","RJ","Sudeste","5,2","2023","1,2","3,9","29.748","131.341","OTIMIZADO"
"3304300","Rio Bonito","33","RJ","Sudeste","4,0","2019","1,0","3,1","12.211","60.201",""
"3304300","Rio Bonito","33","RJ","Sudeste","4,4","2021","1,1","3,2","11.509","60.201",""
"3304300","Rio Bonito","33","RJ","Sudeste","4,5","2023","1,1","3,5","12.094","60.201","EM DESENVOLVIMENTO"
"3304409","Rio Claro","33","RJ","Sudeste","4,6","2019","1,0","3,6","3.495","18.529",""
"3304409","Rio Claro","33","RJ","Sudeste","4,5","2021","1,1","3,3","3.584","18.529",""
"3304409","Rio Claro","33","RJ","Sudeste","4,7","2023","1,1","3,6","3.705","18.529","CRÍTICO"
"3304508","Rio das Flores","33","RJ","Sudeste","4,1","2019","0,9","3,1","1.936","9.284",""
"3304508","Rio das Flores","33","RJ","Sudeste","4,5","2021","1,0","3,5","1.992","9.284",""
"3304508","Rio das Flores","33","RJ","Sudeste","4,9","2023","1,2","3,7","2.071","9.284","EM DESENVOLVIMENTO"
"3304524","Rio das Ostras","33","RJ","Sudeste","4,8","2019","1,0","3,7","30.794","150.674",""
"3304524","Rio das Ostras","33","RJ","Sudeste","5,2","2021","1,1","4,2","32.234","150.674",""
"3304524","Rio das Ostras","33","RJ","Sudeste","5,4","2023","1,0","4,3","35.555","150.674","OTIMIZADO"
"3304557","Rio de Janeiro","33","RJ","Sudeste","5,1","2019","1,2","3,9","1.200.000","6.718.903",""
"3304557","Rio de Janeiro","33","RJ","Sudeste","5,2","2021","1,2","4,1","1.200.000","6.718.903",""
"3304557","Rio de Janeiro","33","RJ","Sudeste","5,2","2023","1,2","4,1","1.279.679","6.718.903","ATENÇÃO"
"3304607","Santa Maria Madalena","33","RJ","Sudeste","4,0","2019","0,9","3,1","1.714","10.404",""
"3304607","Santa Maria Madalena","33","RJ","Sudeste","4,9","2021","1,1","3,8","1.731","10.404",""
"3304607","Santa Maria Madalena","33","RJ","Sudeste","4,2","2023","1,1","3,1","1.983","10.404","CRÍTICO"
"3304706","Santo Antônio de Pádua","33","RJ","Sudeste","4,9","2019","1,1","3,8","8.524","42.479",""
"3304706","Santo Antônio de Pádua","33","RJ","Sudeste","5,2","2021","1,0","4,2","8.117","42.479",""
"3304706","Santo Antônio de Pádua","33","RJ","Sudeste","5,1","2023","0,9","4,2","8.859","42.479","OTIMIZADO"
"3304755","São Francisco de Itabapoana","33","RJ","Sudeste","3,8","2019","0,9","2,9","10.392","42.205",""
"3304755","São Francisco de Itabapoana","33","RJ","Sudeste","4,3","2021","0,9","3,4","10.443","42.205",""
"3304755","São Francisco de Itabapoana","33","RJ","Sudeste","4,5","2023","1,1","3,5","11.204","42.205","EM DESENVOLVIMENTO"
"3304805","São Fidélis","33","RJ","Sudeste","4,3","2019","1,0","3,3","7.289","38.669",""
"3304805","São Fidélis","33","RJ","Sudeste","4,5","2021","0,9","3,6","7.078","38.669",""
"3304805","São Fidélis","33","RJ","Sudeste","4,7","2023","1,0","3,8","8.126","38.669","EM DESENVOLVIMENTO"
"3304904","São Gonçalo","33","RJ","Sudeste","4,0","2019","1,1","2,8","146.276","1.084.839",""
"3304904","São Gonçalo","33","RJ","Sudeste","4,1","2021","1,0","3,1","141.454","1.084.839",""
"3304904","São Gonçalo","33","RJ","Sudeste","4,4","2023","1,0","3,4","143.887","1.084.839","EM DESENVOLVIMENTO"
"3305000","São João da Barra","33","RJ","Sudeste","4,5","2019","1,0","3,5","9.237","36.102",""
"3305000","São João da Barra","33","RJ","Sudeste","4,9","2021","1,1","3,8","9.397","36.102",""
"3305000","São João da Barra","33","RJ","Sudeste","0,0","2023","1,1","0,0","11.357","36.102","ND"
"3305109","São João de Meriti","33","RJ","Sudeste","4,1","2019","1,1","3,0","85.068","472.406",""
"3305109","São João de Meriti","33","RJ","Sudeste","4,1","2021","0,9","3,2","84.711","472.406",""
"3305109","São João de Meriti","33","RJ","Sudeste","4,2","2023","1,0","3,2","84.769","472.406","CRÍTICO"
"3305133","São José de Ubá","33","RJ","Sudeste","5,0","2019","1,1","3,9","1.321","7.171",""
"3305133","São José de Ubá","33","RJ","Sudeste","4,8","2021","0,9","3,9","1.285","7.171",""
"3305133","São José de Ubá","33","RJ","Sudeste","4,8","2023","1,0","3,8","1.413","7.171","CRÍTICO"
"3305158","São José do Vale do Rio Preto","33","RJ","Sudeste","0,0","2019","0,0","0,0","3.757","21.795",""
"3305158","São José do Vale do Rio Preto","33","RJ","Sudeste","4,7","2021","1,0","3,6","3.849","21.795",""
"3305158","São José do Vale do Rio Preto","33","RJ","Sudeste","4,8","2023","1,1","3,7","3.849","21.795","ND"
"3305208","São Pedro da Aldeia","33","RJ","Sudeste","4,1","2019","1,0","3,1","21.630","104.476",""
"3305208","São Pedro da Aldeia","33","RJ","Sudeste","4,3","2021","1,1","3,2","22.603","104.476",""
"3305208","São Pedro da Aldeia","33","RJ","Sudeste","4,4","2023","1,0","3,5","25.230","104.476","EM DESENVOLVIMENTO"
"3305307","São Sebastião do Alto","33","RJ","Sudeste","4,3","2019","0,9","3,4","1.554","9.357",""
"3305307","São Sebastião do Alto","33","RJ","Sudeste","4,7","2021","1,2","3,6","1.533","9.357",""
"3305307","São Sebastião do Alto","33","RJ","Sudeste","4,8","2023","1,1","3,7","1.493","9.357","EM DESENVOLVIMENTO"
"3305406","Sapucaia","33","RJ","Sudeste","4,7","2019","1,1","3,6","3.777","18.228",""
"3305406","Sapucaia","33","RJ","Sudeste","4,9","2021","1,1","3,8","3.837","18.228",""
"3305406","Sapucaia","33","RJ","Sudeste","5,0","2023","1,2","3,8","4.709","18.228","EM DESENVOLVIMENTO"
"3305505","Saquarema","33","RJ","Sudeste","4,3","2019","1,0","3,3","17.706","89.170",""
"3305505","Saquarema","33","RJ","Sudeste","4,8","2021","1,1","3,7","19.379","89.170",""
"3305505","Saquarema","33","RJ","Sudeste","4,9","2023","1,1","3,9","20.210","89.170","EM DESENVOLVIMENTO"
"3305554","Seropédica","33","RJ","Sudeste","3,8","2019","1,0","2,8","18.681","82.312",""
"3305554","Seropédica","33","RJ","Sudeste","4,3","2021","1,0","3,3","18.172","82.312",""
"3305554","Seropédica","33","RJ","Sudeste","0,0","2023","1,0","0,0","19.801","82.312","ND"
"3305604","Silva Jardim","33","RJ","Sudeste","4,3","2019","1,1","3,2","5.100","21.774",""
"3305604","Silva Jardim","33","RJ","Sudeste","4,5","2021","1,1","3,5","4.794","21.774",""
"3305604","Silva Jardim","33","RJ","Sudeste","4,4","2023","1,1","3,3","5.408","21.774","CRÍTICO"
"3305703","Sumidouro","33","RJ","Sudeste","4,9","2019","0,9","4,0","2.821","15.623",""
"3305703","Sumidouro","33","RJ","Sudeste","4,5","2021","0,9","3,6","2.779","15.623",""
"3305703","Sumidouro","33","RJ","Sudeste","4,8","2023","1,1","3,7","2.798","15.623","CRÍTICO"
"3305752","Tanguá","33","RJ","Sudeste","4,1","2019","1,0","3,1","6.689","34.309",""
"3305752","Tanguá","33","RJ","Sudeste","4,3","2021","1,1","3,2","6.669","34.309",""
"3305752","Tanguá","33","RJ","Sudeste","4,6","2023","1,1","3,5","7.027","34.309","EM DESENVOLVIMENTO"
"3305802","Teresópolis","33","RJ","Sudeste","0,0","2019","0,0","0,0","34.063","182.594",""
"3305802","Teresópolis","33","RJ","Sudeste","5,0","2021","1,2","3,9","33.748","182.594",""
"3305802","Teresópolis","33","RJ","Sudeste","4,9","2023","1,2","3,8","39.210","182.594","ND"
"3305901","Trajano de Moraes","33","RJ","Sudeste","4,4","2019","0,8","3,6","2.178","10.626",""
"3305901","Trajano de Moraes","33","RJ","Sudeste","4,5","2021","1,0","3,4","2.117","10.626",""
"3305901","Trajano de Moraes","33","RJ","Sudeste","4,5","2023","1,0","3,5","2.078","10.626","CRÍTICO"
"3306008","Três Rios","33","RJ","Sudeste","4,5","2019","1,2","3,3","18.221","81.804",""
"3306008","Três Rios","33","RJ","Sudeste","5,0","2021","1,2","3,9","18.271","81.804",""
"3306008","Três Rios","33","RJ","Sudeste","4,9","2023","1,2","3,7","20.220","81.804","EM DESENVOLVIMENTO"
"3306107","Valença","33","RJ","Sudeste","4,2","2019","1,1","3,1","14.304","76.523",""
"3306107","Valença","33","RJ","Sudeste","4,3","2021","1,1","3,2","13.957","76.523",""
"3306107","Valença","33","RJ","Sudeste","4,4","2023","1,1","3,3","15.330","76.523","CRÍTICO"
"3306156","Varre-Sai","33","RJ","Sudeste","4,2","2019","0,9","3,3","2.539","11.000",""
"3306156","Varre-Sai","33","RJ","Sudeste","4,3","2021","1,0","3,3","2.490","11.000",""
"3306156","Varre-Sai","33","RJ","Sudeste","4,3","2023","1,0","3,4","2.404","11.000","CRÍTICO"
"3306206","Vassouras","33","RJ","Sudeste","4,1","2019","1,1","3,0","7.283","36.896",""
"3306206","Vassouras","33","RJ","Sudeste","4,4","2021","1,0","3,4","7.178","36.896",""
"3306206","Vassouras","33","RJ","Sudeste","4,7","2023","1,0","3,7","7.470","36.896","EM DESENVOLVIMENTO"
"3306305","Volta Redonda","33","RJ","Sudeste","4,6","2019","1,0","3,6","55.775","273.012",""
"3306305","Volta Redonda","33","RJ","Sudeste","4,8","2021","1,0","3,8","54.951","273.012",""
"3306305","Volta Redonda","33","RJ","Sudeste","4,8","2023","1,0","3,8","58.418","273.012","CRÍTICO"